Location,Title,Price,Style,Bedrooms,Bathrooms,Size,Air Conditioned  
Hamilton, 2 Bedroom Apartment for Rent - 200 Bay Street South, $2000.00, Apartment, Bedrooms: 2, Bathrooms: 1, 785, No
Hamilton, NEWLY RENOVATED 1 BEDROOM SUITE AVAILABLE NOW!, $1800.00, Apartment, Bedrooms: 1, Bathrooms: 1, 834, No
Hamilton, 3 Bedroom Apartment for Rent - 140 Robinson Street, $2150.00, Apartment, Bedrooms: 3, Bathrooms: 1, 916, Yes
Hamilton, Renovated 1 Bedroom @ Hunter Hamilton, $1600.00, Apartment, Bedrooms: 1, Bathrooms: 1, Not Available, No
Hamilton, 1 Bedroom Apartment for Rent - 200 Bay Street South, $1685.00, Apartment, Bedrooms: 1, Bathrooms: 1, 535, Yes
Hamilton, 2 BEDROOM APARTMENT FOR RENT IN KING SUITES HAMILTON!, $1675.00, Apartment, Bedrooms: 2, Bathrooms: 1, Not Available, No
Hamilton, One Bedroom Basement unit for rent in Hamilton, $1300.00, Apartment, Bedrooms: 1, Bathrooms: 1, Limited, No
Hamilton, 1 BEDROOM APARTMENT AVAILABLE NOW.     2189 KING STREET EAST, $1500.00, Apartment, Bedrooms: 1, Bathrooms: 1, Limited, No
Hamilton, 1 BEDROOM APARTMENTS FOR RENT IN HAMILTON!, $1495.00, Apartment, Bedrooms: 1, Bathrooms: 1, Not Available, No
Hamilton, Tree bedroom unit for rent, $2195.00, Apartment, Bedrooms: 3, Bathrooms: 1, Not Available, No
Hamilton, Two bedroom unit for rent, $1995.00, Apartment, Bedrooms: 2, Bathrooms: 1, Not Available, No
Hamilton, Rare ALL INCLUSIVE Hamilton Mountain Gem - 2 Bed 1 Bath, $2200.00, Apartment, Bedrooms: 2 + Den, Bathrooms: 1, 1100, No
Hamilton, NICE LADY LOOKING FOR QUIET ANY SZ LEGIT AVAIL APT FOR ASAP, $1850.00, Apartment, Bedrooms: 1, Bathrooms: 1, 500, No
Hamilton, Studio apartment now available! $1249. Move-in bonus $500, $1249.00, Apartment, Bedrooms: Bachelor/Studio, Bathrooms: 1, 450, No
Hamilton, 1 bedroom available now. $1499 $500 move-in bonus!, $1499.00, Apartment, Bedrooms: 1, Bathrooms: 1, 600, No
Hamilton, 2 BEDROOM TOWNHOMES STARTING FROM $2353!, $2353.00, Apartment, Bedrooms: 2, Bathrooms: 1, Not Available, No
Hamilton, Bold Towers - 1 Bedroom Apartment for Rent, $1675.00, Apartment, Bedrooms: 1, Bathrooms: 1, Not Available, No
Hamilton, Bold Towers - 2 Bedroom Apartment for Rent, $1925.00, Apartment, Bedrooms: 2, Bathrooms: 1, 801, No
Hamilton, Rosemount: Apartment for rent in Downtown Burlington, $2749.00, Apartment, Bedrooms: 2, Bathrooms: 1, 930, No
Hamilton, YOUR OASIS! Beautiful 2 Bedroom in HIGHLY-DESIRED West Mountain!, $1875.00, Apartment, Bedrooms: 2, Bathrooms: 1, 1000, No
Hamilton, A beautiful 2 bedroom  to call home, $1895.00, Apartment, Bedrooms: 2, Bathrooms: 1, Limited, No
Hamilton, trailer for rent 700$ a month by McMaster, $700.00, Apartment, Bedrooms: Bachelor/Studio, Bathrooms: 1, 19, Yes
Hamilton, Wellington Place - Bachelor 1 Bathroom Apartment for Rent, $1350.00, Apartment, Bedrooms: Bachelor/Studio, Bathrooms: 1, Not Available, No
Hamilton, Wellington Place - 3 Bedrooms 1 Bathroom Apartment for Rent, $2149.00, Apartment, Bedrooms: 3, Bathrooms: 1, 830, No
Hamilton, Wellington Place - 2 Bedrooms 1 Bathroom Apartment for Rent, $1849.00, Apartment, Bedrooms: 2, Bathrooms: 1, 830, No
Hamilton, Wellington Place - 1 Bedroom 1 Bathroom Apartment for Rent, $1575.00, Apartment, Bedrooms: 1, Bathrooms: 1, 415, No
Hamilton, Wellington Place - Junior 1 Bedroom 1 Bathroom Apartment for Re, $1495.00, Apartment, Bedrooms: 1, Bathrooms: 1, 415, No
Hamilton, 236 Duke St. - 1 Bedroom Apartment for Rent, $1956.00, Apartment, Bedrooms: 1, Bathrooms: 1, 691, No
Hamilton, 236 Duke St. - 2 Bedroom Apartment for Rent, $2141.00, Apartment, Bedrooms: 2, Bathrooms: 1, Not Available, No
Hamilton, 3 bedroom upper apartment, $1500.00, Apartment, Bedrooms: 2 + Den, Bathrooms: 1, 900, No
Hamilton, Melvin Apartments - Renovated 1 Bedroom  Apartment for Rent, $1499.00, Apartment, Bedrooms: 1, Bathrooms: 1, Not Available, No
Hamilton, Melvin Apartments - Renovated 2 Bedroom Apartment for Rent, $1699.00, Apartment, Bedrooms: 2, Bathrooms: 1, Not Available, No
Hamilton, Bold Street Apartments - XL Bachelor Apartment for Rent, $1250.00, Apartment, Bedrooms: Bachelor/Studio, Bathrooms: 1, 450, No
Hamilton, Bold Street Apartments - Large Bachelor Apartment for Rent, $1099.00, Apartment, Bedrooms: Bachelor/Studio, Bathrooms: 1, Not Available, No
Hamilton, 285 Melvin Apartments   - 1 Bedroom Apartment for Rent, $1525.00, Apartment, Bedrooms: 1, Bathrooms: 1, 700, No
Hamilton, Burlington 2 Bedroom Apartment for Rent - 1249 North Shore Boule, $2899.00, Apartment, Bedrooms: 2, Bathrooms: 1, 923, No
Hamilton, Burlington 1 Bedroom Apartment for Rent - 1249 North Shore Boule, $2349.00, Apartment, Bedrooms: 1, Bathrooms: 1, 702, No
Hamilton, Renovated 1 Bedroom Apartments for Rent, $1799.00, Apartment, Bedrooms: 1, Bathrooms: 1, 750, No
Hamilton, 1 Bedroom Apartment for Rent - 472 Brock Avenue, $2150.00, Apartment, Bedrooms: 1, Bathrooms: 1, 551, No
Hamilton, Luxury Meets Affordability!! Call Now Don't Miss Out!, $1740.00, Apartment, Bedrooms: 1, Bathrooms: 1, 592, No
Hamilton, Three Bedroom For Rent at Martha Terrace - 395  Martha Street, $3200.00, Apartment, Bedrooms: 3, Bathrooms: 2, 1167, Yes
Hamilton, 2 Bedroom Apartment for Rent - 685/695/705 Surrey Lane, $1950.00, Apartment, Bedrooms: 2, Bathrooms: 1, 830, No
Hamilton, 2 Bedroom Newly Renovated Suite for Rent, $1949.00, Apartment, Bedrooms: 2, Bathrooms: 1, 850, No
Hamilton, 3 Bedroom Apartment for Rent - 950 Warwick Court, $2800.00, Apartment, Bedrooms: 3, Bathrooms: 1.5, 1138, No
Hamilton, 1791 Kind Road East - Renovated 2 Bedroom Suite, $2099.00, Apartment, Bedrooms: 2, Bathrooms: 1, 1000, No
